{"cameraMode":{"drawMode":0,"name":"Shaded","section":"Shading Mode"},"sceneLighting":false,"audioPlay":false,"sceneViewState":{"showFog":true,"showMaterialUpdate":false,"showSkybox":true,"showFlares":true,"showImageEffects":true,"showParticleSystems":true,"showVisualEffectGraphs":true,"m_FxEnabled":true},"in2DMode":false,"pivot":{"x":-9.27400016784668,"y":8.200937271118164,"z":-1.0182256698608399},"rotation":{"x":0.12566715478897096,"y":-0.0014873690670356155,"z":0.00018772861221805215,"w":0.992074191570282},"size":6.282895565032959,"orthographic":false}