{"cameraMode":{"drawMode":0,"name":"Shaded","section":"Shading Mode"},"sceneLighting":false,"audioPlay":false,"sceneViewState":{"showFog":true,"showMaterialUpdate":false,"showSkybox":true,"showFlares":true,"showImageEffects":true,"showParticleSystems":true,"showVisualEffectGraphs":true,"m_FxEnabled":true},"in2DMode":false,"pivot":{"x":23.973278045654298,"y":9.032858848571778,"z":19.337495803833009},"rotation":{"x":0.056965164840221408,"y":0.01197999157011509,"z":-0.0006838932749815285,"w":0.9983052611351013},"size":23.983219146728517,"orthographic":false}